{
  "version": "7",
  "dialect": "sqlite",
  "entries": [
    {
      "idx": 0,
      "version": "6",
      "when": 1759858546744,
      "tag": "0000_unknown_genesis",
      "breakpoints": true
    },
    {
      "idx": 1,
      "version": "6",
      "when": 1760886117960,
      "tag": "0001_organic_warpath",
      "breakpoints": true
    },
    {
      "idx": 2,
      "version": "6",
      "when": 1760886166436,
      "tag": "0002_lean_juggernaut",
      "breakpoints": true
    },
    {
      "idx": 3,
      "version": "6",
      "when": 1766082219674,
      "tag": "0003_strong_the_order",
      "breakpoints": true
    },
    {
      "idx": 4,
      "version": "6",
      "when": 1766082876918,
      "tag": "0004_known_rawhide_kid",
      "breakpoints": true
    },
    {
      "idx": 5,
      "version": "6",
      "when": 1767458362225,
      "tag": "0005_nasty_terrax",
      "breakpoints": true
    }
  ]
}