PRAGMA foreign_keys=OFF;
BEGIN TRANSACTION;
CREATE TABLE IF NOT EXISTS "__drizzle_migrations" (
			id SERIAL PRIMARY KEY,
			hash text NOT NULL,
			created_at numeric
		);
INSERT INTO __drizzle_migrations VALUES(NULL,'4282e5e520bcc3e57ec99d17988a993aac23fdf9f49a0e8958a9377d8532e6e9',1749950400404);
INSERT INTO __drizzle_migrations VALUES(NULL,'0000_first_george_stacy',1752370989610);
INSERT INTO __drizzle_migrations VALUES(NULL,'0001_living_giant_girl',1752370989852);
INSERT INTO __drizzle_migrations VALUES(NULL,'0002_flat_kulan_gath',1752370990206);
INSERT INTO __drizzle_migrations VALUES(NULL,'0003_common_white_tiger',1752370990469);
INSERT INTO __drizzle_migrations VALUES(NULL,'0004_daily_star_brand',1752370990901);
INSERT INTO __drizzle_migrations VALUES(NULL,'0005_stormy_titanium_man',1752370990987);
INSERT INTO __drizzle_migrations VALUES(NULL,'378f938e146e069aa3a3f358bb63581487c986360a68c4a3927f6e6f95a2e9b1',1752372879560);
INSERT INTO __drizzle_migrations VALUES(NULL,'3557999d99430da1eb8dc67e685f6b1d67d4a107a2481babdf125c0133c02b8f',1752374229528);
INSERT INTO __drizzle_migrations VALUES(NULL,'a5add89342c37a352f2af59b28eff2ef9ba017eb842a927117714bbaf832134a',1752374865685);
INSERT INTO __drizzle_migrations VALUES(NULL,'ef77b0dee29e16588e5530896cd69c4fc073f0cac28a4ded2b1f824b12d42b7b',1752376706575);
INSERT INTO __drizzle_migrations VALUES(NULL,'67361e830c6c90c6388b244f254ea1c3c9e33c391d3f149d548090e36e0cc163',1752377807722);
INSERT INTO __drizzle_migrations VALUES(NULL,'0ce9a56df71d53cac3849ab177777396408f6d06d7a849a35de014fe77f7012f',1756229704536);
INSERT INTO __drizzle_migrations VALUES(NULL,'a187f16f0c8ee22a4ba402b780201432680344e461b8aae4cd5666d418f0dfaa',1756232447513);
INSERT INTO __drizzle_migrations VALUES(NULL,'8bfb81a60f5d2c0fa8fa709b478a657ef5c7468f690ecac8decd32fe86223a83',1756233130546);
INSERT INTO __drizzle_migrations VALUES(NULL,'ba03dd8a869a027d5b835dfc63c5ab75277bcbd8c227bf5037d07169a202c432',1756233555468);
INSERT INTO __drizzle_migrations VALUES(NULL,'f33739624a2fe4d2b87cfb79682108630c596a6201ed7d4ddfdf6f078f165085',1756317776519);
INSERT INTO __drizzle_migrations VALUES(NULL,'7b85898d1b946e56ba594360ff461d5b3cf5384d320d854ef64b7b0bd724cab5',1756323992921);
INSERT INTO __drizzle_migrations VALUES(NULL,'1d67662475d3c1266d14a69ea493469348fcbf9dc2c3e6296282ef441a83cc37',1756649003214);
INSERT INTO __drizzle_migrations VALUES(NULL,'7bc5aa23220ec64ee28134b1fdb18af4fa3d1e4ef4af06a5c48b1da29df67e4a',1756653012788);
INSERT INTO __drizzle_migrations VALUES(NULL,'373f0aac5134a4c74fe8e85fb70275dc1df9a140ff810836f5efe7e09d3ec120',1756922615871);
INSERT INTO __drizzle_migrations VALUES(NULL,'fb579d26243c7c2e5152bfe051015082742fd2170865eabc9d99f7149b4089ee',1756923085963);
INSERT INTO __drizzle_migrations VALUES(NULL,'771fdea74ba2f5053e651680cc2bc65f217d8fcdb2b5c333726c1c17bc77a51c',1756923632930);
INSERT INTO __drizzle_migrations VALUES(NULL,'fdf50202c9194a5c29cbc19d58d6defd335588aa850717ad1a6512884701fff0',1756924111470);
INSERT INTO __drizzle_migrations VALUES(NULL,'bb0a56bd2c1816158876fb26e69af7f6b83ff686b78b929e2ae486ea705b388c',1756925091174);
INSERT INTO __drizzle_migrations VALUES(NULL,'147d4799f8a7ca157cd6df6b5e0d472827fdc39627a3bc77f016273e6cc22403',1756925305759);
INSERT INTO __drizzle_migrations VALUES(NULL,'4f391bfe855a98ee5cec60a819d9ce55efd4334fdab72ce3d4a52207cf067e10',1757163759274);
INSERT INTO __drizzle_migrations VALUES(NULL,'0668476b2122ca53d32ff170bda1e9ff16a85e6342cd0bd7dccc59607e54e53a',1757164434886);
INSERT INTO __drizzle_migrations VALUES(NULL,'f3cfb3b4da4d5b71b44b5e05fd8d98bc4f84d8f27a691d716bcc03b2004e4f1e',1757166215422);
INSERT INTO __drizzle_migrations VALUES(NULL,'2ad9e5993294d1a1cbfced05431b8569a98d1bc1d4ee2151623fb240b6cd6e32',1757167264443);
INSERT INTO __drizzle_migrations VALUES(NULL,'53dbd8b073961d99cdd2cefab697c62ed9731f1b407330d57761263684d74597',1757170015799);
INSERT INTO __drizzle_migrations VALUES(NULL,'acfb8c2d05743c317faddf684f985984abd990a98eb3c5fb2370343d9dc1dc62',1757176803909);
INSERT INTO __drizzle_migrations VALUES(NULL,'c1b6e0dfaaa9bf296eac13d34f34b94b89503404d3f87999c7e94e16ca6a9461',1757179654607);
INSERT INTO __drizzle_migrations VALUES(NULL,'1dc80d60405c535dbeeb5b053a00371451d3230ba13814c50736cde13228d84d',1757179847745);
INSERT INTO __drizzle_migrations VALUES(NULL,'0668476b2122ca53d32ff170bda1e9ff16a85e6342cd0bd7dccc59607e54e53a',1757259622613);
INSERT INTO __drizzle_migrations VALUES(NULL,'5c7e5a0da35d0eec9c885e9d0c059747f2f4fbe5a49d3d3b7ba03331f23dc4d8',1757847803837);
INSERT INTO __drizzle_migrations VALUES(NULL,'0d946bef81280f8ac7d1bea4431f880a5a62a7974043602c3e53990630b9b570',1757847924460);
INSERT INTO __drizzle_migrations VALUES(NULL,'72b9cc8f0cc4fa26de7f45751177fb10f8c78139281387cee56ae1030d83b09d',1757849819248);
INSERT INTO __drizzle_migrations VALUES(NULL,'84393b045aaa391a6bef4d515e173ed7dfb8a8d9ce0c491dbd8bc5d8889b0224',1757851072860);
INSERT INTO __drizzle_migrations VALUES(NULL,'6ef19d352d8693412872fa7c67a5944aae697ff17147428631133ccec8dffd87',1759168138852);
INSERT INTO __drizzle_migrations VALUES(NULL,'c7e5d65017766cc8106e68eebcc6c93730b394c46ef5df08f28c50565aab5160',1759420617841);
INSERT INTO __drizzle_migrations VALUES(NULL,'1ae7ae74140fdff1846e5250fefd50b9d66ef6985085486a3b6c77b5cff53964',1759420738409);
INSERT INTO __drizzle_migrations VALUES(NULL,'63f37fbe3be1b1deff8ee9dee0dd0082f20b9cd3c1c69564ade2be3f80e05726',1759421294532);
INSERT INTO __drizzle_migrations VALUES(NULL,'2ad823b20ada065e0aba9aa181c6d634c69a7a18415f3feb0aaa9cc94b3a43a7',1759858546744);
INSERT INTO __drizzle_migrations VALUES(NULL,'db4db6fbc18f4fd3e10e38bf418faf33490ddd26b76cb1ddf4c36b5e267737a5',1760886117960);
INSERT INTO __drizzle_migrations VALUES(NULL,'8c9ff518ea363b0ece5574df396ac61eb97a9144fc7a39c3e4e574454b05eef8',1760886166436);
INSERT INTO __drizzle_migrations VALUES(NULL,'74dadc6d744a95f9253f6cc92d5e0e994b13aea95c0bc772da22f68b97d89985',1765652813038);
INSERT INTO __drizzle_migrations VALUES(NULL,'090ede163d8200c927eb8638279cc712a54ca68e543505b560c17c543b673bab',1765652959221);
INSERT INTO __drizzle_migrations VALUES(NULL,'29783bba8a1be92b4096121e7b7e34d3b0e0da9a5dcd916d074e70ed4e8e431c',1765653230569);
INSERT INTO __drizzle_migrations VALUES(NULL,'cc0f9889116b4e0b5f044f952521f0c0d370d087c88bf009e68a0af22c4cf47f',1765655932871);
INSERT INTO __drizzle_migrations VALUES(NULL,'d20e297d0f2f4cef9167b6be93e7ababf36434041ed934d0e5c6300176d70657',1766082219674);
INSERT INTO __drizzle_migrations VALUES(NULL,'ccbc1c2b806e82a31cda1ba490c760047cfd6d970d70aa377b734e6c1b0a642e',1766082876918);
CREATE TABLE IF NOT EXISTS `account` (
	`id` text PRIMARY KEY NOT NULL,
	`account_id` text NOT NULL,
	`provider_id` text NOT NULL,
	`user_id` text NOT NULL,
	`access_token` text,
	`refresh_token` text,
	`id_token` text,
	`access_token_expires_at` integer,
	`refresh_token_expires_at` integer,
	`scope` text,
	`password` text,
	`created_at` integer NOT NULL,
	`updated_at` integer NOT NULL,
	FOREIGN KEY (`user_id`) REFERENCES `user`(`id`) ON UPDATE no action ON DELETE cascade
);
INSERT INTO account VALUES('RtiZtfgmo2QhqnEMhHFkh8DFH31FB8Ut','bkl7sjOWgP039li9v1WvS8IpyUeHdM9W','credential','bkl7sjOWgP039li9v1WvS8IpyUeHdM9W',NULL,NULL,NULL,NULL,NULL,NULL,'094f4be487d6efde344f507854cd4c80:ec79d62327de7f5d30135f30fe9c097035ac9d20f81fb4cdc1cac9a8bb0173f4eb85276cd05a6d55a583cdd552d1ef41ba85578f7a65bcabd8181edce57c38e4',1762350021,1762350021);
INSERT INTO account VALUES('x8tu06eJNMEDJHygAzG3JXPtVIzrIW19','CERhfvqZ6ioxIuPuTWDybnq03KvJwkpP','credential','CERhfvqZ6ioxIuPuTWDybnq03KvJwkpP',NULL,NULL,NULL,NULL,NULL,NULL,'f4bc15a9cc37f8e50a54456663efeab4:56930b6f148593a9b17fa44fc75369264245dd45ae40fa078527a79fec21f49b7d46114779ef8aa28fe717efe9d3637f21b3db3125d7d9e8e5ce968f6d95fe59',1762693249,1762693249);
INSERT INTO account VALUES('nz13O3BRPBzvscELXN938SZmvb5uycLr','pVdrsQ7R39ejySE5lngwiwEhSXx9K8P9','credential','pVdrsQ7R39ejySE5lngwiwEhSXx9K8P9',NULL,NULL,NULL,NULL,NULL,NULL,'2798ec99b05c4dec37c83c9aa676edde:8939936dc74851c10f9c8d29575f841e0446df165f306e32e30ad9a29940eb0c1d5e3dfcae621b40db4e7497aa8609f044e28a90be078979b0762769aaa470a4',1762693374,1762693374);
INSERT INTO account VALUES('mv5yHvSbQuWFQK7GKN1yTy6aiy60Phsv','H10ZUfX4lfKexi5oQyuI5PglTzhqhxUK','credential','H10ZUfX4lfKexi5oQyuI5PglTzhqhxUK',NULL,NULL,NULL,NULL,NULL,NULL,'88365a77b1cd41b247bfe662c31a4dc7:5be235c93a69ffdf6e99a2a3136d8e47950e5a115c3e2514eee3b4605ab34a204d2bdfa825b46576433cc4fae9648de303c5ea35b273db593247f625e9eabd12',1762693477,1762693477);
INSERT INTO account VALUES('4vOVRCll0W4YnHPn8k5xzExUlRTpEqVF','aVJaZmRSCK9zuzdCqEPlTizDDVfS6YdW','credential','aVJaZmRSCK9zuzdCqEPlTizDDVfS6YdW',NULL,NULL,NULL,NULL,NULL,NULL,'ab57b622743c6e79975793266f55970d:c873094a021f9ab455efe9dd65a038538e284ebaa47bf01f6158d5a392259c78a8b97622621893e35fa34c61247b95cf0c0e29b414ade77ff709996cd50fc1ae',1763904405,1763904405);
INSERT INTO account VALUES('hYkmmFGMEJbxtimbMFvjJYO53Gaj2l8I','nlSRaE8Pf4ZsHrPIMH5Ij2jfSIFjzf9N','credential','nlSRaE8Pf4ZsHrPIMH5Ij2jfSIFjzf9N',NULL,NULL,NULL,NULL,NULL,NULL,'c8b55c926b19817e9506146715e3dcc8:f42ec48fd1af9096ff2a812778232808ccfe191b78d8b1ffc6976ebc811f35447fb07da7d8d95351cad8368aab6e17a748864013bf899b66c4bd6f4d7d09041f',1763905128,1763905128);
INSERT INTO account VALUES('i7tQeBXsjMNGZK1m0gzrPtTzmuKIyqZS','ccPEyp0o3PLWmjL9YVuN6fVrLUZLNYf8','credential','ccPEyp0o3PLWmjL9YVuN6fVrLUZLNYf8',NULL,NULL,NULL,NULL,NULL,NULL,'0c27e35eaec52155b0b4e4959d9710df:95e182bd55ac7811b67052bf97eff63d9092546cd6a982a0b96bca499a466215d529c26c21fc62724a87c425e47dee789e11a61f76abe2ba932a826e411615a9',1763905279,1763905279);
INSERT INTO account VALUES('eQtr6aZspb9bmWFx8lYPOIdszGcJUBNS','g95aKuh0iZdphg90o8wPRaprNghigIwV','credential','g95aKuh0iZdphg90o8wPRaprNghigIwV',NULL,NULL,NULL,NULL,NULL,NULL,'c7b3037a02280905787a2d80cec24685:55d897ee6fc98478b40888619faebf55c1cfcd2f0a4d8364c81a8638787a9923c966925ae0df90af2b04046682189f98180a0ac37e31df079876162e468126cb',1763905358,1763905358);
INSERT INTO account VALUES('L1UnF3ih2fHrirRnc5EFfcrmhH9riTSx','SRRjMtNStG4rtUstkQ1NjqTn2YcyXSSt','credential','SRRjMtNStG4rtUstkQ1NjqTn2YcyXSSt',NULL,NULL,NULL,NULL,NULL,NULL,'31c44fed7795ffb7379a78b362eec347:4e56a67bac47a6288e9f81c0ed4893d448e74ec29cec40cf5afbe01fbefe9a0ce64218568159ab015bf312c08f0cdae03fba79c627a50a370278b03faa983e39',1763905571,1763905571);
INSERT INTO account VALUES('eXEU2TvltSNGQZ6n9IRF6CTUETi8X93s','FqpMMwyNfP2hevrPkNNxN56cgls2FHTC','credential','FqpMMwyNfP2hevrPkNNxN56cgls2FHTC',NULL,NULL,NULL,NULL,NULL,NULL,'bbde6c277566a0c4f8e2cbd754007549:c3a18f2dd3fad2ab9534ea344b899d4a73b5e04c608da6ccf30da4b1cec81db2bec2bfa38795681d97e0b209874614e2325f0848d23846ada3c0475f55bbd01e',1763905952,1763905952);
INSERT INTO account VALUES('lKLUFpZBJK7etcOfH6f5gW2qWfCfA8TO','42fsi3YWn77JXk0WCztJ4cWFhOMERwZ8','credential','42fsi3YWn77JXk0WCztJ4cWFhOMERwZ8',NULL,NULL,NULL,NULL,NULL,NULL,'8140bc6b0c31edffe5ad0d26af756586:beadadf3bf769f47ab8b1507cf313abe82e56a2e57ef9f9fc7ec941f650580e3e2f497a6edd3735ccf5b42757e7f1c850ed2ae4af3d3153a3f85a5726aea3c86',1763906613,1763906613);
INSERT INTO account VALUES('9OjiJONIPvN5JtsMV7qgEBFxNnZaZViu','mPcWThv8itzT5H95dRNgY3fUhCPGJwn5','credential','mPcWThv8itzT5H95dRNgY3fUhCPGJwn5',NULL,NULL,NULL,NULL,NULL,NULL,'baa5123eab77511f8f6de640c924ddfc:4023d618a36ffcc9bea263be4c93662e3997f927a52bec6f31c67d5c716395aff1f129f08083069e6ec4f773e38cc97a71f4f2d148799e6a21573991c22ae0b8',1763906734,1763906734);
INSERT INTO account VALUES('XFMhK9o8KBKfYds64k380ER0daecmlHe','3GxZgRlSLOUFeHCTDLC0Kvtk2ulIpO4E','credential','3GxZgRlSLOUFeHCTDLC0Kvtk2ulIpO4E',NULL,NULL,NULL,NULL,NULL,NULL,'611d4548bf62f537fba8bbea6a27532c:ffd4dd1b5933dbc32b97806d29dad0e0236c9d87c5770cea597d42b0e77ea6228a2475223b1658556225c7c82ac4542a0bf01b6ea86892f7879f7378f3a25daf',1763906940,1763906940);
INSERT INTO account VALUES('4jRv09IX9Cm2DQCO8tvCmG8nBj2omUob','j16qupIedJJsBBuYoRYRsRCmyORsZKop','credential','j16qupIedJJsBBuYoRYRsRCmyORsZKop',NULL,NULL,NULL,NULL,NULL,NULL,'e9057091012ee8e15f27d184b5c17857:850c490fa74b3f7e674b45690f4708e95cc428277b3247ea56be493109f54ca3eb0e6eca95c500728d0b372ec69c51e46cccc20f4f912b3076552509c65c7142',1763907387,1763907387);
INSERT INTO account VALUES('sT2UYRoem0xkPuUupxvqR15bZijrbTBM','QrRkT8rlSxrJa4nRi3tZYCfDsjYNCIIk','credential','QrRkT8rlSxrJa4nRi3tZYCfDsjYNCIIk',NULL,NULL,NULL,NULL,NULL,NULL,'19aa7cbde7f28c1399d2806e4eb7a166:109d7186283e7b075d689517321853bc95b60c413dd25815365889f169a9d6a65e2ad6466e9b3dc53fb714b801943a9e0f4426433d734d5b18f926b6e86e27a0',1765122739,1765122739);
CREATE TABLE IF NOT EXISTS `invitation` (
	`id` text PRIMARY KEY NOT NULL,
	`organization_id` text NOT NULL,
	`email` text NOT NULL,
	`role` text,
	`status` text DEFAULT 'pending' NOT NULL,
	`expires_at` integer NOT NULL,
	`inviter_id` text NOT NULL,
	`created_at` integer,
	FOREIGN KEY (`organization_id`) REFERENCES `organization`(`id`) ON UPDATE no action ON DELETE cascade,
	FOREIGN KEY (`inviter_id`) REFERENCES `user`(`id`) ON UPDATE no action ON DELETE cascade
);
CREATE TABLE IF NOT EXISTS `member` (
	`id` text PRIMARY KEY NOT NULL,
	`organization_id` text NOT NULL,
	`user_id` text NOT NULL,
	`role` text DEFAULT 'member' NOT NULL,
	`created_at` integer,
	`updated_at` integer,
	FOREIGN KEY (`organization_id`) REFERENCES `organization`(`id`) ON UPDATE no action ON DELETE cascade,
	FOREIGN KEY (`user_id`) REFERENCES `user`(`id`) ON UPDATE no action ON DELETE cascade
);
INSERT INTO member VALUES('DlLNPoet3qHStGrCw9Qu22aDAmO0cyz3','pAVM51OCE1veitXfHIxdLR25oNyTGhKI','aVJaZmRSCK9zuzdCqEPlTizDDVfS6YdW','owner',1763904877,NULL);
INSERT INTO member VALUES('ekA2ilpv4Q8hNjXi6J3qPtYFPP5twUxH','cljZa3uuJx6dL4eiYdITkb496m2mKJSN','g95aKuh0iZdphg90o8wPRaprNghigIwV','owner',1763905371,NULL);
INSERT INTO member VALUES('4ffoFXnzPMkyEQQSd7hdCQrMZgDLQLDb','KMprsBXxx5KkndIfMb0VmDZAwmMUzcNx','SRRjMtNStG4rtUstkQ1NjqTn2YcyXSSt','owner',1763905922,NULL);
INSERT INTO member VALUES('7t4k7S9Wr7ZCudUz7W2dRjL6fCH0tqF2','fekFQlf9h5LeBKApQjL1mTWDNndLvyvf','FqpMMwyNfP2hevrPkNNxN56cgls2FHTC','owner',1763906581,NULL);
INSERT INTO member VALUES('ai2LtYR2VmvenQyrUp5jGUuDVDMyzyRW','Qv4uwQBpDIgnQlZxSSF7p1Lx3ijwoyiW','42fsi3YWn77JXk0WCztJ4cWFhOMERwZ8','owner',1763906714,NULL);
INSERT INTO member VALUES('jDW5AAfCHCZwmmPybC3yUbjqNqsrkcAE','wvBzT6o61lUOL0Sy92VCsdYhunzVEvIj','mPcWThv8itzT5H95dRNgY3fUhCPGJwn5','owner',1763906921,NULL);
INSERT INTO member VALUES('JVdTPkuml2LradxwQNg4o1dGDYuQ5fS5','DJel5Somzr7OpMNJp8g6qjys8aAdb3GX','j16qupIedJJsBBuYoRYRsRCmyORsZKop','owner',1763907537,NULL);
INSERT INTO member VALUES('K4wOwnUrWBnXnRDHaJ3A8cEQiwPPipvH','Sitdv6Ay70FxNarRBkmHnAFVIohJuxKa','QrRkT8rlSxrJa4nRi3tZYCfDsjYNCIIk','owner',1765122770,NULL);
CREATE TABLE IF NOT EXISTS `organization` (
	`id` text PRIMARY KEY NOT NULL,
	`name` text NOT NULL,
	`slug` text,
	`logo` text,
	`plan` text DEFAULT 'free' NOT NULL,
	`created_at` integer,
	`updated_at` integer,
	`metadata` text
);
INSERT INTO organization VALUES('FBMJEf0o18Bsk8BTD3OXuRhxBigwH6r0','Test Organization','test-organization',NULL,'free',1759854439,NULL,NULL);
INSERT INTO organization VALUES('sGsN83UGwlzRySFlSvQdCgzL1ZkgPibj','Test','test',NULL,'free',1763904184,NULL,NULL);
INSERT INTO organization VALUES('pAVM51OCE1veitXfHIxdLR25oNyTGhKI','Testt','testt',NULL,'free',1763904877,NULL,NULL);
INSERT INTO organization VALUES('cljZa3uuJx6dL4eiYdITkb496m2mKJSN','Tessss','tessss',NULL,'free',1763905370,NULL,NULL);
INSERT INTO organization VALUES('KMprsBXxx5KkndIfMb0VmDZAwmMUzcNx','AF','af',NULL,'free',1763905922,NULL,NULL);
INSERT INTO organization VALUES('fekFQlf9h5LeBKApQjL1mTWDNndLvyvf','zzzzzzzzzzzz','zzzzzzzzzzzz',NULL,'free',1763906581,NULL,NULL);
INSERT INTO organization VALUES('Qv4uwQBpDIgnQlZxSSF7p1Lx3ijwoyiW','ax','ax',NULL,'free',1763906714,NULL,NULL);
INSERT INTO organization VALUES('wvBzT6o61lUOL0Sy92VCsdYhunzVEvIj','tr','tr',NULL,'free',1763906920,NULL,NULL);
INSERT INTO organization VALUES('DJel5Somzr7OpMNJp8g6qjys8aAdb3GX','xxxx','xxxx',NULL,'free',1763907536,NULL,NULL);
INSERT INTO organization VALUES('Sitdv6Ay70FxNarRBkmHnAFVIohJuxKa','Analytics','analytics',NULL,'free',1765122770,NULL,NULL);
CREATE TABLE IF NOT EXISTS `session` (
	`id` text PRIMARY KEY NOT NULL,
	`expires_at` integer NOT NULL,
	`token` text NOT NULL,
	`created_at` integer NOT NULL,
	`updated_at` integer NOT NULL,
	`ip_address` text,
	`user_agent` text,
	`user_id` text NOT NULL,
	`active_organization_id` text,
	FOREIGN KEY (`user_id`) REFERENCES `user`(`id`) ON UPDATE no action ON DELETE cascade
);
INSERT INTO session VALUES('kyBBm6eHPa52nVs0MDrQB3kk15AjCLK3',1762954821,'RMF8zTTcKX3QWdyTVG65a8nzefXEssrV',1762350021,1762350309,'127.0.0.1','Mozilla/5.0 (iPhone; CPU iPhone OS 18_5 like Mac OS X) AppleWebKit/605.1.15 (KHTML, like Gecko) Version/18.5 Mobile/15E148 Safari/604.1','bkl7sjOWgP039li9v1WvS8IpyUeHdM9W','YFy1Dv0atWfIXstuQKxfrnTI8t20Zpnn');
INSERT INTO session VALUES('SxR3wETkRVCSL9YMUaBMsv0wprFVPUvW',1762955505,'WWkP705IHygvGT79O6RHzJSkfgXy1ixR',1762350705,1762350705,'127.0.0.1','Mozilla/5.0 (iPhone; CPU iPhone OS 18_5 like Mac OS X) AppleWebKit/605.1.15 (KHTML, like Gecko) Version/18.5 Mobile/15E148 Safari/604.1','bkl7sjOWgP039li9v1WvS8IpyUeHdM9W',NULL);
INSERT INTO session VALUES('3uJucMGbO8YoyR1VSerZnLveIdNxWasa',1762955642,'rKxMOAOBIZbzEk6QT08aznho2Hfdmj1C',1762350842,1762350842,'127.0.0.1','Mozilla/5.0 (iPhone; CPU iPhone OS 18_5 like Mac OS X) AppleWebKit/605.1.15 (KHTML, like Gecko) Version/18.5 Mobile/15E148 Safari/604.1','bkl7sjOWgP039li9v1WvS8IpyUeHdM9W',NULL);
INSERT INTO session VALUES('TjrLsC4bGkLUyZypcqsqt9DFQeJnAFeD',1762955696,'To2nZRggHaxlzo3JpWtSkD9YjWIqMOy6',1762350896,1762350896,'127.0.0.1','Mozilla/5.0 (iPhone; CPU iPhone OS 18_5 like Mac OS X) AppleWebKit/605.1.15 (KHTML, like Gecko) Version/18.5 Mobile/15E148 Safari/604.1','bkl7sjOWgP039li9v1WvS8IpyUeHdM9W',NULL);
INSERT INTO session VALUES('BKt6BVmMvLZhcpFyPKyfJ0Sp3lgwOcZl',1762955720,'mjxvY5pmv2R9mVu99xVDBnWnCeaAXe0m',1762350920,1762350920,'127.0.0.1','Mozilla/5.0 (iPhone; CPU iPhone OS 18_5 like Mac OS X) AppleWebKit/605.1.15 (KHTML, like Gecko) Version/18.5 Mobile/15E148 Safari/604.1','bkl7sjOWgP039li9v1WvS8IpyUeHdM9W',NULL);
INSERT INTO session VALUES('qFHWfFnlZoNMtR16ik51464h8CU2Io28',1763298049,'FhmUwxNo8QmeNFqRAOuIwqmCogKXK7ns',1762693249,1762693249,'127.0.0.1','Mozilla/5.0 (Macintosh; Intel Mac OS X 10_15_7) AppleWebKit/537.36 (KHTML, like Gecko) Chrome/142.0.0.0 Safari/537.36','CERhfvqZ6ioxIuPuTWDybnq03KvJwkpP',NULL);
INSERT INTO session VALUES('kEDyczPS9TbPlfIZq6PdrMoNQ5itqqKy',1763298174,'kpmnKck8uEe5mwQBTfp1UzJL2i3fVFxi',1762693374,1762693374,'127.0.0.1','Mozilla/5.0 (Macintosh; Intel Mac OS X 10_15_7) AppleWebKit/537.36 (KHTML, like Gecko) Chrome/142.0.0.0 Safari/537.36','pVdrsQ7R39ejySE5lngwiwEhSXx9K8P9',NULL);
INSERT INTO session VALUES('JG2QbgyFmp4yuPVriOUAjHuYaCfcW8lT',1763298277,'dNWKqOn3KENcjkaugmyT5phbE7qzeGZJ',1762693477,1762693477,'127.0.0.1','Mozilla/5.0 (X11; Linux x86_64) AppleWebKit/537.36 (KHTML, like Gecko) Chrome/140.0.0.0 Safari/537.36','H10ZUfX4lfKexi5oQyuI5PglTzhqhxUK',NULL);
INSERT INTO session VALUES('Acoolg2I4JpyT2Fqo5qOJkT9JfpkkDoG',1764511740,'hK1k9nsPfqIRaXeuRzQCPZqA9NqO7OTh',1763906940,1763906940,'127.0.0.1','Mozilla/5.0 (Windows NT 10.0; Win64; x64) AppleWebKit/537.36 (KHTML, like Gecko) Cursor/2.1.25 Chrome/138.0.7204.251 Electron/37.7.0 Safari/537.36','3GxZgRlSLOUFeHCTDLC0Kvtk2ulIpO4E',NULL);
INSERT INTO session VALUES('hHuvjORfOUD7t49klzcDS8usvKU0nGu5',1764513140,'N9xFyDItE6RfSPxffTBstySpIUf8ZqUG',1763908340,1763909381,'127.0.0.1','Mozilla/5.0 (Windows NT 10.0; Win64; x64) AppleWebKit/537.36 (KHTML, like Gecko) Cursor/2.1.25 Chrome/138.0.7204.251 Electron/37.7.0 Safari/537.36','aVJaZmRSCK9zuzdCqEPlTizDDVfS6YdW','pAVM51OCE1veitXfHIxdLR25oNyTGhKI');
INSERT INTO session VALUES('mxciZuHZhLHw0Z1jj3MIujSNXvYqfGar',1765726361,'fjrmbNUyd3NG7jBh2KCo87XOUZG3T21s',1763911983,1765121561,'127.0.0.1','Mozilla/5.0 (X11; Linux x86_64) AppleWebKit/537.36 (KHTML, like Gecko) Chrome/140.0.0.0 Safari/537.36','aVJaZmRSCK9zuzdCqEPlTizDDVfS6YdW','pAVM51OCE1veitXfHIxdLR25oNyTGhKI');
INSERT INTO session VALUES('t1aNEVc5Zyzmfh1FoddI919SLht8x7sC',1766250742,'6w3NPeXQgigcjlf9M72HFrMb1Wp2jqCK',1765122739,1765645942,'127.0.0.1','Mozilla/5.0 (Windows NT 10.0; Win64; x64) AppleWebKit/537.36 (KHTML, like Gecko) Chrome/142.0.0.0 Safari/537.36','QrRkT8rlSxrJa4nRi3tZYCfDsjYNCIIk','Sitdv6Ay70FxNarRBkmHnAFVIohJuxKa');
INSERT INTO session VALUES('Fw4MScekINMXO5SqyxfqZuvACWlBttPJ',1766929105,'P20ovfdsDGl3H0mAVOrGM4OPhThs6geg',1765122960,1766324305,'127.0.0.1','Mozilla/5.0 (Windows NT 10.0; Win64; x64) AppleWebKit/537.36 (KHTML, like Gecko) Cursor/2.1.50 Chrome/138.0.7204.251 Electron/37.7.0 Safari/537.36','QrRkT8rlSxrJa4nRi3tZYCfDsjYNCIIk','Sitdv6Ay70FxNarRBkmHnAFVIohJuxKa');
INSERT INTO session VALUES('VHIQeo9lR0Ye5DcAXzD8d84KXbRZCsIp',1766252287,'BqmEvUE63Ysd2yCuMaek6s6RrNyLk18d',1765647487,1765647487,'127.0.0.1','Mozilla/5.0 (Windows NT 10.0; Win64; x64) AppleWebKit/537.36 (KHTML, like Gecko) Chrome/143.0.0.0 Safari/537.36','aVJaZmRSCK9zuzdCqEPlTizDDVfS6YdW',NULL);
INSERT INTO session VALUES('DB5RA8uYZWW7uAj4lPBUZvynvzo24Gh4',1766690323,'0PiH1DvLVuexweCLujf9vF0V257rkZDb',1766085523,1766085527,'195.14.174.6','Mozilla/5.0 (Linux; Android 6.0; Nexus 5 Build/MRA58N) AppleWebKit/537.36 (KHTML, like Gecko) Chrome/142.0.0.0 Mobile Safari/537.36','aVJaZmRSCK9zuzdCqEPlTizDDVfS6YdW','pAVM51OCE1veitXfHIxdLR25oNyTGhKI');
INSERT INTO session VALUES('gOnu2Cm2Sa9nelz94btlyoei4J6FH8Bi',1766929397,'NskzMTTVY5H02X6zPPk8rzl8oaGtugLu',1766324597,1766324645,'127.0.0.1','Mozilla/5.0 (Windows NT 10.0; Win64; x64) AppleWebKit/537.36 (KHTML, like Gecko) Chrome/143.0.0.0 Safari/537.36','aVJaZmRSCK9zuzdCqEPlTizDDVfS6YdW','pAVM51OCE1veitXfHIxdLR25oNyTGhKI');
INSERT INTO session VALUES('Z9ZQVPwCUnOSyIgGA4SrmwmxCDL1GTdn',1767025925,'Jd3Vru6EBPMNMiLmxhqcLYcCdOgOJRoc',1766329036,1766421125,'127.0.0.1','Mozilla/5.0 (X11; Linux x86_64) AppleWebKit/537.36 (KHTML, like Gecko) Cursor/2.1.42 Chrome/138.0.7204.251 Electron/37.7.0 Safari/537.36','aVJaZmRSCK9zuzdCqEPlTizDDVfS6YdW','pAVM51OCE1veitXfHIxdLR25oNyTGhKI');
CREATE TABLE IF NOT EXISTS `user` (
	`id` text PRIMARY KEY NOT NULL,
	`name` text NOT NULL,
	`email` text NOT NULL,
	`email_verified` integer NOT NULL,
	`image` text,
	`created_at` integer NOT NULL,
	`updated_at` integer NOT NULL
);
INSERT INTO user VALUES('bkl7sjOWgP039li9v1WvS8IpyUeHdM9W','Alex','demo@testassis2t.com',0,NULL,1762350020,1762350020);
INSERT INTO user VALUES('CERhfvqZ6ioxIuPuTWDybnq03KvJwkpP','Lox Ebaniy','lox@mail.ru',0,NULL,1762693249,1762693249);
INSERT INTO user VALUES('pVdrsQ7R39ejySE5lngwiwEhSXx9K8P9','Ebaniy','poshelnahuy@mail.ru',0,NULL,1762693373,1762693373);
INSERT INTO user VALUES('H10ZUfX4lfKexi5oQyuI5PglTzhqhxUK','demo1@automaspec.com','dem1o@automaspec.com',0,NULL,1762693476,1762693476);
INSERT INTO user VALUES('aVJaZmRSCK9zuzdCqEPlTizDDVfS6YdW','Demo','demo@automaspec.com',0,NULL,1763904404,1763904404);
INSERT INTO user VALUES('nlSRaE8Pf4ZsHrPIMH5Ij2jfSIFjzf9N','Alex','alex@mail.ru',0,NULL,1763905127,1763905127);
INSERT INTO user VALUES('ccPEyp0o3PLWmjL9YVuN6fVrLUZLNYf8','Test','testsample@mail.ru',0,NULL,1763905279,1763905279);
INSERT INTO user VALUES('g95aKuh0iZdphg90o8wPRaprNghigIwV','max','demodemo@gmail.ru',0,NULL,1763905358,1763905358);
INSERT INTO user VALUES('SRRjMtNStG4rtUstkQ1NjqTn2YcyXSSt','Max','max@max.ru',0,NULL,1763905570,1763905570);
INSERT INTO user VALUES('FqpMMwyNfP2hevrPkNNxN56cgls2FHTC','Max','boss@gmail.com',0,NULL,1763905951,1763905951);
INSERT INTO user VALUES('42fsi3YWn77JXk0WCztJ4cWFhOMERwZ8','Mers','mers@gmail.com',0,NULL,1763906612,1763906612);
INSERT INTO user VALUES('mPcWThv8itzT5H95dRNgY3fUhCPGJwn5','MMmm','1ggg@gmail.com',0,NULL,1763906733,1763906733);
INSERT INTO user VALUES('3GxZgRlSLOUFeHCTDLC0Kvtk2ulIpO4E','mmmm','mmm@mail.ru',0,NULL,1763906939,1763906939);
INSERT INTO user VALUES('j16qupIedJJsBBuYoRYRsRCmyORsZKop','am','test@mail.rus',0,NULL,1763907386,1763907386);
INSERT INTO user VALUES('QrRkT8rlSxrJa4nRi3tZYCfDsjYNCIIk','Analytics','analytics@mail.com',0,NULL,1765122739,1765122739);
CREATE TABLE IF NOT EXISTS `verification` (
	`id` text PRIMARY KEY NOT NULL,
	`identifier` text NOT NULL,
	`value` text NOT NULL,
	`expires_at` integer NOT NULL,
	`created_at` integer,
	`updated_at` integer
);
CREATE TABLE IF NOT EXISTS `test` (
	`id` text PRIMARY KEY NOT NULL,
	`status` text NOT NULL,
	`framework` text NOT NULL,
	`code` text,
	`requirement_id` text NOT NULL,
	`created_at` text DEFAULT (CURRENT_TIMESTAMP) NOT NULL,
	`updated_at` text DEFAULT (CURRENT_TIMESTAMP) NOT NULL,
	FOREIGN KEY (`requirement_id`) REFERENCES `test_requirement`(`id`) ON UPDATE no action ON DELETE cascade
);
INSERT INTO test VALUES('test-4','passed','vitest',replace('import { render, screen } from "@testing-library/react"\nimport TestDetailsPanel from "@/app/dashboard/test-details-panel"\n\ntest("should display test spec details", () => {\n  const spec = { id: "1", name: "Test", description: "Description" }\n  render(<TestDetailsPanel spec={spec} />)\n  expect(screen.getByText("Test")).toBeInTheDocument()\n  expect(screen.getByText("Description")).toBeInTheDocument()\n})','\n',char(10)),'req-4','2025-10-07 17:23:28','2025-10-19 15:55:07');
INSERT INTO test VALUES('test-5','missing','vitest',replace('import { render, screen } from "@testing-library/react"\nimport TestDetailsPanel from "@/app/dashboard/test-details-panel"\n\ntest("should display all test requirements", () => {\n  const spec = { id: "1", name: "Test", requirements: [{ id: "r1", name: "Req 1" }] }\n  render(<TestDetailsPanel spec={spec} />)\n  expect(screen.getByText("Req 1")).toBeInTheDocument()\n})','\n',char(10)),'req-5','2025-10-07 17:23:28','2025-12-13 19:49:37');
INSERT INTO test VALUES('test-6','missing','vitest',replace('import { render, screen, fireEvent } from "@testing-library/react"\nimport TestDetailsPanel from "@/app/dashboard/test-details-panel"\n\ntest("should allow editing test details", () => {\n  // TODO: Implement edit functionality test\n})','\n',char(10)),'req-6','2025-10-07 17:23:28','2025-12-13 19:49:37');
INSERT INTO test VALUES('test-7','missing','vitest',replace('import { signIn } from "@/lib/shared/better-auth"\n\ntest("should authenticate with valid credentials", async () => {\n  const result = await signIn.email({ \n    email: "test@example.com", \n    password: "password123" \n  })\n  expect(result.user).toBeDefined()\n  expect(result.user.email).toBe("test@example.com")\n})','\n',char(10)),'req-7','2025-10-07 17:23:28','2025-12-13 19:49:37');
INSERT INTO test VALUES('test-8','missing','vitest',replace('import { signIn } from "@/lib/shared/better-auth"\n\ntest("should reject invalid credentials", async () => {\n  await expect(\n    signIn.email({ email: "test@example.com", password: "wrong" })\n  ).rejects.toThrow("Invalid credentials")\n})','\n',char(10)),'req-8','2025-10-07 17:23:28','2025-12-13 19:49:37');
INSERT INTO test VALUES('test-9','missing','vitest',replace('import { render, screen } from "@testing-library/react"\nimport { useRouter } from "next/navigation"\n\ntest("should redirect to dashboard after login", async () => {\n  const { push } = useRouter()\n  // After successful login\n  expect(push).toHaveBeenCalledWith("/dashboard")\n})','\n',char(10)),'req-9','2025-10-07 17:23:28','2025-12-13 19:49:37');
INSERT INTO test VALUES('test-10','passed','vitest',replace('import { render } from "@testing-library/react"\nimport { useSession } from "@/lib/shared/better-auth"\n\ntest("should maintain session across page reloads", () => {\n  const { data: session } = useSession()\n  window.location.reload()\n  expect(session).toBeDefined()\n})','\n',char(10)),'req-10','2025-10-07 17:23:28','2025-10-19 15:55:07');
INSERT INTO test VALUES('test-11','missing','vitest',replace('import { signOut } from "@/lib/shared/better-auth"\n\ntest("should clear session on logout", async () => {\n  await signOut()\n  const session = await getSession()\n  expect(session).toBeNull()\n  // Fails: session still exists\n})','\n',char(10)),'req-11','2025-10-07 17:23:28','2025-12-13 19:49:37');
INSERT INTO test VALUES('test-12','missing','vitest',replace('test("should handle expired sessions", () => {\n  // TODO: Implement session expiration handling\n})','\n',char(10)),'req-12','2025-10-07 17:23:28','2025-12-13 19:49:37');
INSERT INTO test VALUES('test-13','missing','vitest',replace('import { db } from "@/db"\nimport { testSpec } from "@/db/schema"\n\ntest("should create new test spec in folder", async () => {\n  const result = await db.insert(testSpec).values({\n    id: "test-1",\n    name: "New Test",\n    organizationId: "org-1",\n    folderId: "folder-1"\n  })\n  expect(result).toBeDefined()\n})','\n',char(10)),'req-13','2025-10-07 17:23:28','2025-12-13 19:49:37');
INSERT INTO test VALUES('test-14','passed','vitest',replace('import { testSpecInsertSchema } from "@/lib/types"\n\ntest("should validate required fields", () => {\n  const invalid = { name: "", organizationId: "" }\n  expect(() => testSpecInsertSchema.parse(invalid)).toThrow()\n})','\n',char(10)),'req-14','2025-10-07 17:23:28','2025-10-19 15:55:07');
INSERT INTO test VALUES('test-15','missing','vitest',replace('test("should initialize with default statuses", () => {\n  // TODO: Verify default status initialization\n})','\n',char(10)),'req-15','2025-10-07 17:23:28','2025-12-13 19:49:37');
INSERT INTO test VALUES('test-16','missing','vitest',replace('import { db } from "@/db"\nimport { test } from "@/db/schema"\nimport { TEST_STATUSES } from "@/lib/constants"\n\ntest("should update test status to passed", async () => {\n  await db.update(test)\n    .set({ status: TEST_STATUSES.passed })\n    .where(eq(test.id, "test-1"))\n  const updated = await db.query.test.findFirst({ where: eq(test.id, "test-1") })\n  expect(updated.status).toBe("passed")\n})','\n',char(10)),'req-16','2025-10-07 17:23:28','2025-12-13 19:49:37');
INSERT INTO test VALUES('test-17','missing','vitest',replace('import { db } from "@/db"\nimport { test } from "@/db/schema"\nimport { TEST_STATUSES } from "@/lib/constants"\n\ntest("should update test status to failed", async () => {\n  await db.update(test)\n    .set({ status: TEST_STATUSES.failed })\n    .where(eq(test.id, "test-1"))\n  const updated = await db.query.test.findFirst({ where: eq(test.id, "test-1") })\n  expect(updated.status).toBe("failed")\n})','\n',char(10)),'req-17','2025-10-07 17:23:28','2025-12-13 19:49:37');
INSERT INTO test VALUES('test-18','missing','vitest',replace('import { updateTestSpecStatuses } from "@/orpc/routes/tests"\n\ntest("should reflect status in parent spec", async () => {\n  await updateTestSpecStatuses("spec-1")\n  const spec = await db.query.testSpec.findFirst({ where: eq(testSpec.id, "spec-1") })\n  expect(spec.statuses.passed).toBeGreaterThan(0)\n})','\n',char(10)),'req-18','2025-10-07 17:23:28','2025-12-13 19:49:37');
INSERT INTO test VALUES('test-19','missing','vitest',replace('import { testRouter } from "@/orpc/routes/tests"\n\ntest("should fetch all tests for organization", async () => {\n  const result = await testRouter.getTests({ organizationId: "org-1" })\n  expect(result).toBeInstanceOf(Array)\n  expect(result.length).toBeGreaterThan(0)\n})','\n',char(10)),'req-19','2025-10-07 17:23:28','2025-12-13 19:49:37');
INSERT INTO test VALUES('test-20','missing','vitest',replace('import { testRouter } from "@/orpc/routes/tests"\n\ntest("should create new test requirement", async () => {\n  const result = await testRouter.createRequirement({\n    name: "New Requirement",\n    specId: "spec-1"\n  })\n  expect(result.id).toBeDefined()\n  // Fails: validation error\n})','\n',char(10)),'req-20','2025-10-07 17:23:28','2025-12-13 19:49:37');
INSERT INTO test VALUES('test-21','missing','vitest',replace('test("should update test spec details", async () => {\n  // TODO: Implement spec update test\n})','\n',char(10)),'req-21','2025-10-07 17:23:28','2025-12-13 19:49:37');
INSERT INTO test VALUES('test-22','missing','vitest',replace('test("should delete test spec and cascade", async () => {\n  // TODO: Implement cascade delete test\n})','\n',char(10)),'req-22','2025-10-07 17:23:28','2025-12-13 19:49:37');
INSERT INTO test VALUES('test-23','missing','vitest',replace('import { db } from "@/db"\nimport { organization } from "@/db/schema"\n\ntest("should create new organization", async () => {\n  const result = await db.insert(organization).values({\n    id: "org-new",\n    name: "New Org",\n    plan: "free"\n  })\n  expect(result).toBeDefined()\n})','\n',char(10)),'req-23','2025-10-07 17:23:28','2025-12-13 19:49:37');
INSERT INTO test VALUES('test-24','missing','vitest',replace('import { db } from "@/db"\nimport { member } from "@/db/schema"\n\ntest("should add member to organization", async () => {\n  const result = await db.insert(member).values({\n    id: "member-new",\n    organizationId: "org-1",\n    userId: "user-1",\n    role: "member"\n  })\n  expect(result).toBeDefined()\n})','\n',char(10)),'req-24','2025-10-07 17:23:28','2025-12-13 19:49:37');
INSERT INTO test VALUES('test-25','missing','vitest',replace('test("should list organization members", async () => {\n  // TODO: Implement member listing test\n})','\n',char(10)),'req-25','2025-10-07 17:23:28','2025-12-13 19:49:37');
INSERT INTO test VALUES('analytics-test-1','passed','vitest','test("login success", () => expect(true).toBe(true))','analytics-req-1','2025-12-07 15:54:07','2025-12-07 15:54:07');
INSERT INTO test VALUES('analytics-test-2','passed','vitest','test("login redirect", () => expect(true).toBe(true))','analytics-req-1','2025-12-07 15:54:07','2025-12-07 15:54:07');
INSERT INTO test VALUES('analytics-test-3','failed','vitest','test("login error", () => expect(false).toBe(true))','analytics-req-2','2025-12-07 15:54:07','2025-12-07 15:54:07');
INSERT INTO test VALUES('analytics-test-4','passed','vitest','test("dashboard loads", () => expect(true).toBe(true))','analytics-req-3','2025-12-06 15:54:07','2025-12-06 15:54:07');
INSERT INTO test VALUES('analytics-test-5','passed','vitest','test("components render", () => expect(true).toBe(true))','analytics-req-3','2025-12-06 15:54:07','2025-12-06 15:54:07');
INSERT INTO test VALUES('analytics-test-6','pending','vitest','test.todo("sidebar toggle")','analytics-req-3','2025-12-05 15:54:07','2025-12-05 15:54:07');
INSERT INTO test VALUES('analytics-test-7','passed','vitest','test("API 200", () => expect(true).toBe(true))','analytics-req-4','2025-12-04 15:54:07','2025-12-04 15:54:07');
INSERT INTO test VALUES('analytics-test-8','failed','vitest','test("API auth", () => expect(false).toBe(true))','analytics-req-4','2025-12-04 15:54:07','2025-12-04 15:54:07');
INSERT INTO test VALUES('analytics-test-9','passed','vitest','test("required fields", () => expect(true).toBe(true))','analytics-req-5','2025-12-02 15:54:07','2025-12-02 15:54:07');
INSERT INTO test VALUES('analytics-test-10','pending','vitest','test.todo("email format")','analytics-req-5','2025-12-02 15:54:07','2025-12-02 15:54:07');
INSERT INTO test VALUES('analytics-test-11','passed','vitest','test("legacy login", () => expect(true).toBe(true))','analytics-req-6','2025-11-30 15:54:07','2025-11-30 15:54:07');
INSERT INTO test VALUES('analytics-test-12','failed','vitest','test("legacy token", () => expect(false).toBe(true))','analytics-req-6','2025-11-30 15:54:07','2025-11-30 15:54:07');
INSERT INTO test VALUES('analytics-test-13','passed','vitest','test("old endpoint", () => expect(true).toBe(true))','analytics-req-7','2025-11-27 15:54:07','2025-11-27 15:54:07');
INSERT INTO test VALUES('analytics-test-14','passed','vitest','test("metrics cards", () => expect(true).toBe(true))','analytics-req-8','2025-11-25 15:54:07','2025-11-25 15:54:07');
INSERT INTO test VALUES('analytics-test-15','passed','vitest','test("charts render", () => expect(true).toBe(true))','analytics-req-9','2025-11-23 15:54:07','2025-11-23 15:54:07');
INSERT INTO test VALUES('analytics-test-16','skipped','vitest','test.skip("chart animations")','analytics-req-9','2025-11-23 15:54:07','2025-11-23 15:54:07');
INSERT INTO test VALUES('analytics-test-17','passed','vitest','test("error handling", () => expect(true).toBe(true))','analytics-req-10','2025-11-19 15:54:07','2025-11-19 15:54:07');
INSERT INTO test VALUES('analytics-test-18','failed','vitest','test("timeout handling", () => expect(false).toBe(true))','analytics-req-10','2025-11-17 15:54:07','2025-11-17 15:54:07');
INSERT INTO test VALUES('analytics-test-19','passed','vitest','test("rate limiting", () => expect(true).toBe(true))','analytics-req-10','2025-11-12 15:54:07','2025-11-12 15:54:07');
INSERT INTO test VALUES('analytics-test-20','todo','vitest','test.todo("retry logic")','analytics-req-10','2025-11-09 15:54:07','2025-11-09 15:54:07');
CREATE TABLE IF NOT EXISTS `test_folder` (
	`id` text PRIMARY KEY NOT NULL,
	`name` text NOT NULL,
	`description` text,
	`organization_id` text NOT NULL,
	`order` integer DEFAULT 0 NOT NULL,
	`created_at` text DEFAULT (CURRENT_TIMESTAMP) NOT NULL,
	`updated_at` text DEFAULT (CURRENT_TIMESTAMP) NOT NULL, `parent_folder_id` text,
	FOREIGN KEY (`organization_id`) REFERENCES `organization`(`id`) ON UPDATE no action ON DELETE cascade
);
INSERT INTO test_folder VALUES('folder-1','Dashboard Tests','Tests for dashboard functionality','FBMJEf0o18Bsk8BTD3OXuRhxBigwH6r0',1,'2025-10-07 17:23:27','2025-10-07 17:23:27',NULL);
INSERT INTO test_folder VALUES('folder-2','Authentication','User authentication and authorization tests','FBMJEf0o18Bsk8BTD3OXuRhxBigwH6r0',2,'2025-10-07 17:23:27','2025-10-07 17:23:27',NULL);
INSERT INTO test_folder VALUES('folder-3','Test Management','Tests for test CRUD operations','FBMJEf0o18Bsk8BTD3OXuRhxBigwH6r0',3,'2025-10-07 17:23:27','2025-10-07 17:23:27',NULL);
INSERT INTO test_folder VALUES('folder-4','API Routes','Backend API endpoint tests','FBMJEf0o18Bsk8BTD3OXuRhxBigwH6r0',4,'2025-10-07 17:23:27','2025-11-23 12:37:20','folder-2');
INSERT INTO test_folder VALUES('folder-5','Organization Management','Organization and member management tests','FBMJEf0o18Bsk8BTD3OXuRhxBigwH6r0',5,'2025-10-07 17:23:27','2025-10-07 17:23:27',NULL);
INSERT INTO test_folder VALUES('2ab4e78c-1829-4ce5-b2ab-5d4f0235ed7f','Test2',NULL,'FBMJEf0o18Bsk8BTD3OXuRhxBigwH6r0',0,'2025-11-09 11:32:07','2025-11-09 15:20:18','70dee926-a926-47c6-a9ae-71bfcfe5a06b');
INSERT INTO test_folder VALUES('70dee926-a926-47c6-a9ae-71bfcfe5a06b','Test1',NULL,'FBMJEf0o18Bsk8BTD3OXuRhxBigwH6r0',0,'2025-11-09 11:36:56','2025-11-09 15:20:15','d6e44f7b-6cf3-463b-821d-17d7331f9b14');
INSERT INTO test_folder VALUES('d6e44f7b-6cf3-463b-821d-17d7331f9b14','Test3',NULL,'FBMJEf0o18Bsk8BTD3OXuRhxBigwH6r0',0,'2025-11-09 14:49:57','2025-11-09 15:20:11','9760fd25-5df6-4cf6-ad15-c8d6c0c0bed3');
INSERT INTO test_folder VALUES('fb9199c1-44f5-4b8f-8d82-be93bfcbe034','Test4',NULL,'FBMJEf0o18Bsk8BTD3OXuRhxBigwH6r0',0,'2025-11-11 16:40:15','2025-11-11 16:40:15',NULL);
INSERT INTO test_folder VALUES('05f9023c-bf2d-480e-b503-ee6d5291cfc5','Test5',NULL,'sGsN83UGwlzRySFlSvQdCgzL1ZkgPibj',0,'2025-11-23 13:24:17','2025-11-23 13:24:17',NULL);
INSERT INTO test_folder VALUES('a6b00270-983c-4e4c-a1a7-b3a2de34bf77','Test6',NULL,'sGsN83UGwlzRySFlSvQdCgzL1ZkgPibj',0,'2025-11-23 13:24:27','2025-11-23 13:24:27',NULL);
INSERT INTO test_folder VALUES('bdaf4874-013e-4f43-b06c-e894f9ef78a3','Test7',NULL,'pAVM51OCE1veitXfHIxdLR25oNyTGhKI',0,'2025-11-23 14:21:11','2025-12-01 17:03:40','e8b5f6d3-1f9b-41d1-bf2b-323a665da3c2');
INSERT INTO test_folder VALUES('e8b5f6d3-1f9b-41d1-bf2b-323a665da3c2','Test8',NULL,'pAVM51OCE1veitXfHIxdLR25oNyTGhKI',0,'2025-11-25 15:54:33','2025-11-25 16:07:17',NULL);
INSERT INTO test_folder VALUES('20aed672-4803-4be8-a573-f76ea8127376','Test9',NULL,'pAVM51OCE1veitXfHIxdLR25oNyTGhKI',0,'2025-11-25 16:11:29','2025-12-02 11:53:12',NULL);
INSERT INTO test_folder VALUES('de3ab7dc-a7b9-4d77-abda-35b82972fa9e','testttt','None','pAVM51OCE1veitXfHIxdLR25oNyTGhKI',0,'2025-12-07 15:43:39','2025-12-07 15:43:39','None');
INSERT INTO test_folder VALUES('ed19c5b8-e962-4c22-9cc6-5c46ef2fb648','testttt','null','pAVM51OCE1veitXfHIxdLR25oNyTGhKI',0,'2025-12-07 15:45:02','2025-12-07 15:45:02','null');
INSERT INTO test_folder VALUES('9d510249-abf2-4aa4-bb8d-5903fa17afd0','testttt','None','pAVM51OCE1veitXfHIxdLR25oNyTGhKI',0,'2025-12-07 15:48:03','2025-12-07 15:48:03','None');
INSERT INTO test_folder VALUES('a50aa665-f920-479f-8627-ea86fe99ceea','test1','None','pAVM51OCE1veitXfHIxdLR25oNyTGhKI',0,'2025-12-07 15:52:03','2025-12-07 15:52:03','None');
INSERT INTO test_folder VALUES('analytics-folder-1','E2E Tests','End-to-end integration tests','Sitdv6Ay70FxNarRBkmHnAFVIohJuxKa',1,'2025-12-07 15:54:06','2025-12-07 15:54:06',NULL);
INSERT INTO test_folder VALUES('analytics-folder-2','Unit Tests','Component unit tests','Sitdv6Ay70FxNarRBkmHnAFVIohJuxKa',2,'2025-12-07 15:54:06','2025-12-07 15:54:06',NULL);
INSERT INTO test_folder VALUES('analytics-folder-3','API Tests','Backend API tests','Sitdv6Ay70FxNarRBkmHnAFVIohJuxKa',3,'2025-12-07 15:54:06','2025-12-07 15:54:06',NULL);
INSERT INTO test_folder VALUES('30ae4245-d3e6-4735-8778-747305e83e38','folder1',NULL,'pAVM51OCE1veitXfHIxdLR25oNyTGhKI',0,'2025-12-09 00:39:14','2025-12-09 00:56:49','20aed672-4803-4be8-a573-f76ea8127376');
INSERT INTO test_folder VALUES('9e32d036-1795-4734-8c13-37d25e651ea4','Test999','Test999','pAVM51OCE1veitXfHIxdLR25oNyTGhKI',0,'2025-12-09 00:58:56','2025-12-09 00:58:56','None');
INSERT INTO test_folder VALUES('85756dbe-ecac-4cb1-8aa1-fb87373271be','test723',NULL,'pAVM51OCE1veitXfHIxdLR25oNyTGhKI',0,'2025-12-09 01:00:16','2025-12-09 01:00:16',NULL);
INSERT INTO test_folder VALUES('b392f0c8-9e02-4a24-b89d-55a7033c4b2c','test123',NULL,'pAVM51OCE1veitXfHIxdLR25oNyTGhKI',0,'2025-12-11 03:11:14','2025-12-11 03:11:14',NULL);
INSERT INTO test_folder VALUES('fcd7dfa4-eb66-484f-bf5f-f96a8d3f3006','test21',NULL,'pAVM51OCE1veitXfHIxdLR25oNyTGhKI',0,'2025-12-11 10:31:56','2025-12-11 10:31:56',NULL);
CREATE TABLE IF NOT EXISTS `test_requirement` (
	`id` text PRIMARY KEY NOT NULL,
	`name` text NOT NULL,
	`description` text,
	`order` integer DEFAULT 0 NOT NULL,
	`spec_id` text NOT NULL,
	`created_at` text DEFAULT (CURRENT_TIMESTAMP) NOT NULL,
	`updated_at` text DEFAULT (CURRENT_TIMESTAMP) NOT NULL,
	FOREIGN KEY (`spec_id`) REFERENCES `test_spec`(`id`) ON UPDATE no action ON DELETE cascade
);
INSERT INTO test_requirement VALUES('req-4','Should display test spec details','Panel should show test name, description, and status',1,'spec-2','2025-10-07 17:23:27','2025-10-07 17:23:27');
INSERT INTO test_requirement VALUES('req-5','Should display all test requirements','List all requirements associated with the test spec',2,'spec-2','2025-10-07 17:23:27','2025-10-07 17:23:27');
INSERT INTO test_requirement VALUES('req-6','Should allow editing test details','User should be able to update test spec information',3,'spec-2','2025-10-07 17:23:27','2025-10-07 17:23:27');
INSERT INTO test_requirement VALUES('req-7','Should authenticate with valid credentials','User login with correct email and password',1,'spec-3','2025-10-07 17:23:27','2025-10-07 17:23:27');
INSERT INTO test_requirement VALUES('req-8','Should reject invalid credentials','Login should fail with incorrect password',2,'spec-3','2025-10-07 17:23:27','2025-10-07 17:23:27');
INSERT INTO test_requirement VALUES('req-9','Should redirect to dashboard after login','Successful login redirects to /dashboard',3,'spec-3','2025-10-07 17:23:27','2025-10-07 17:23:27');
INSERT INTO test_requirement VALUES('req-10','Should maintain session across page reloads','User session persists after page refresh',1,'spec-4','2025-10-07 17:23:27','2025-10-07 17:23:27');
INSERT INTO test_requirement VALUES('req-11','Should clear session on logout','Logout should remove user session',2,'spec-4','2025-10-07 17:23:27','2025-10-07 17:23:27');
INSERT INTO test_requirement VALUES('req-12','Should handle expired sessions','Redirect to login when session expires',3,'spec-4','2025-10-07 17:23:27','2025-10-07 17:23:27');
INSERT INTO test_requirement VALUES('req-13','Should create new test spec in folder','User can add test spec to selected folder',1,'spec-5','2025-10-07 17:23:28','2025-10-07 17:23:28');
INSERT INTO test_requirement VALUES('req-14','Should validate required fields','Form should validate name and organization',2,'spec-5','2025-10-07 17:23:28','2025-10-07 17:23:28');
INSERT INTO test_requirement VALUES('req-15','Should initialize with default statuses','New test spec should have all status counts at 0',3,'spec-5','2025-10-07 17:23:28','2025-10-07 17:23:28');
INSERT INTO test_requirement VALUES('req-16','Should update test status to passed','Mark test as passed and update count',1,'spec-6','2025-10-07 17:23:28','2025-10-07 17:23:28');
INSERT INTO test_requirement VALUES('req-17','Should update test status to failed','Mark test as failed and update count',2,'spec-6','2025-10-07 17:23:28','2025-10-07 17:23:28');
INSERT INTO test_requirement VALUES('req-18','Should reflect status in parent spec','Test spec statuses should update when test changes',3,'spec-6','2025-10-07 17:23:28','2025-10-07 17:23:28');
INSERT INTO test_requirement VALUES('req-19','Should fetch all tests for organization','GET /api/tests returns organization tests',1,'spec-7','2025-10-07 17:23:28','2025-10-07 17:23:28');
INSERT INTO test_requirement VALUES('req-20','Should create new test requirement','POST /api/test-requirements creates requirement',2,'spec-7','2025-10-07 17:23:28','2025-10-07 17:23:28');
INSERT INTO test_requirement VALUES('req-21','Should update test spec details','PUT /api/test-specs/:id updates spec',3,'spec-7','2025-10-07 17:23:28','2025-10-07 17:23:28');
INSERT INTO test_requirement VALUES('req-22','Should delete test spec and cascade','DELETE /api/test-specs/:id removes spec and children',4,'spec-7','2025-10-07 17:23:28','2025-10-07 17:23:28');
INSERT INTO test_requirement VALUES('req-23','Should create new organization','POST /api/organizations creates organization',1,'spec-8','2025-10-07 17:23:28','2025-10-07 17:23:28');
INSERT INTO test_requirement VALUES('req-24','Should add member to organization','POST /api/organizations/:id/members adds member',2,'spec-8','2025-10-07 17:23:28','2025-10-07 17:23:28');
INSERT INTO test_requirement VALUES('req-25','Should list organization members','GET /api/organizations/:id/members returns members',3,'spec-8','2025-10-07 17:23:28','2025-10-07 17:23:28');
INSERT INTO test_requirement VALUES('analytics-req-1','User can login with valid credentials','Verify successful login flow',1,'analytics-spec-1','2025-12-07 15:54:06','2025-12-07 15:54:06');
INSERT INTO test_requirement VALUES('analytics-req-2','User sees error for invalid password','Display error message on failed login',2,'analytics-spec-1','2025-12-07 15:54:06','2025-12-07 15:54:06');
INSERT INTO test_requirement VALUES('analytics-req-3','Dashboard renders correctly','All dashboard components load',1,'analytics-spec-2','2025-12-07 15:54:06','2025-12-07 15:54:06');
INSERT INTO test_requirement VALUES('analytics-req-4','API returns 200 on success','Successful API response',1,'analytics-spec-3','2025-12-07 15:54:06','2025-12-07 15:54:06');
INSERT INTO test_requirement VALUES('analytics-req-5','Form validates required fields','Required field validation',1,'analytics-spec-4','2025-12-07 15:54:06','2025-12-07 15:54:06');
INSERT INTO test_requirement VALUES('analytics-req-6','Legacy auth still works','Backward compatibility',1,'analytics-spec-stale-1','2025-10-23 15:54:06','2025-10-23 15:54:06');
INSERT INTO test_requirement VALUES('analytics-req-7','Old API endpoints respond','Deprecated endpoint tests',1,'analytics-spec-stale-2','2025-10-08 15:54:06','2025-10-08 15:54:06');
INSERT INTO test_requirement VALUES('analytics-req-8','Dashboard metrics display','Metrics cards render',2,'analytics-spec-2','2025-12-07 15:54:06','2025-12-07 15:54:06');
INSERT INTO test_requirement VALUES('analytics-req-9','Dashboard charts load','Charts render with data',3,'analytics-spec-2','2025-12-07 15:54:06','2025-12-07 15:54:06');
INSERT INTO test_requirement VALUES('analytics-req-10','API handles errors gracefully','Error response handling',2,'analytics-spec-3','2025-12-07 15:54:06','2025-12-07 15:54:06');
INSERT INTO test_requirement VALUES('eba650ec-f992-4bc9-8e91-fe628003e494','Requirement A','Description for Requirement A',0,'fcef3301-fdb3-4763-adb5-92807dbe2943','2025-12-09 01:18:47','2025-12-09 01:18:47');
INSERT INTO test_requirement VALUES('ce238253-9c6e-4c0f-92b6-0925402de5c3','Requirement B','Description for Requirement B',1,'fcef3301-fdb3-4763-adb5-92807dbe2943','2025-12-09 01:18:47','2025-12-09 01:18:47');
INSERT INTO test_requirement VALUES('d6810b48-4bcb-4a40-ac3a-75df6d284abe','REQ-001','Basic requirement for test123',0,'d034f580-f2a3-4b23-984a-b5bce7953127','2025-12-11 03:18:45','2025-12-11 03:18:45');
INSERT INTO test_requirement VALUES('0d8207ba-e1d9-480f-97c9-c79a297f2eb6','REQ-002','Secondary requirement for test123',1,'d034f580-f2a3-4b23-984a-b5bce7953127','2025-12-11 03:18:45','2025-12-11 03:18:45');
INSERT INTO test_requirement VALUES('ef5685cf-3ffb-44e3-b411-947aba8d1098','Requirement 1','First requirement',0,'2148cceb-a58c-4787-81de-b709f42329b9','2025-12-11 10:34:32','2025-12-11 10:34:32');
INSERT INTO test_requirement VALUES('a6d89808-4a76-4253-85ce-f95ab3013c74','Requirement 2','Second requirement',1,'2148cceb-a58c-4787-81de-b709f42329b9','2025-12-11 10:34:32','2025-12-11 10:34:32');
INSERT INTO test_requirement VALUES('4a3c30b3-27d5-4712-a2b2-8ad8f147abb6','Requirement 3','Third requirement',2,'2148cceb-a58c-4787-81de-b709f42329b9','2025-12-11 10:34:32','2025-12-11 10:34:32');
CREATE TABLE IF NOT EXISTS `test_spec` (
	`id` text PRIMARY KEY NOT NULL,
	`name` text NOT NULL,
	`file_name` text,
	`description` text,
	`statuses` text DEFAULT '{"passed":0,"skipped":0,"todo":0,"failed":0,"pending":0,"disabled":0,"missing":0,"deactivated":0,"partial":0}' NOT NULL,
	`number_of_tests` integer DEFAULT 0 NOT NULL,
	`folder_id` text,
	`organization_id` text NOT NULL,
	`created_at` text DEFAULT (CURRENT_TIMESTAMP) NOT NULL,
	`updated_at` text DEFAULT (CURRENT_TIMESTAMP) NOT NULL,
	FOREIGN KEY (`folder_id`) REFERENCES `test_folder`(`id`) ON UPDATE no action ON DELETE cascade,
	FOREIGN KEY (`organization_id`) REFERENCES `organization`(`id`) ON UPDATE no action ON DELETE cascade
);
INSERT INTO test_spec VALUES('spec-2','Test Details Panel','test-details-panel.spec.ts','Tests for test details display and editing','{"passed":1,"skipped":0,"todo":0,"failed":0,"pending":0,"disabled":0,"missing":2,"deactivated":0,"partial":0}',3,'folder-2','FBMJEf0o18Bsk8BTD3OXuRhxBigwH6r0','2025-10-07 17:23:27','2025-12-13 19:49:38');
INSERT INTO test_spec VALUES('spec-3','User Login','user-login.spec.ts','Tests for user authentication flow','{"passed":0,"skipped":0,"todo":0,"failed":0,"pending":0,"disabled":0,"missing":3,"deactivated":0,"partial":0}',3,'folder-2','FBMJEf0o18Bsk8BTD3OXuRhxBigwH6r0','2025-10-07 17:23:27','2025-12-13 19:49:38');
INSERT INTO test_spec VALUES('spec-4','Session Management','session-management.spec.ts','Tests for session handling and expiration','{"passed":1,"skipped":0,"todo":0,"failed":0,"pending":0,"disabled":0,"missing":2,"deactivated":0,"partial":0}',3,'folder-2','FBMJEf0o18Bsk8BTD3OXuRhxBigwH6r0','2025-10-07 17:23:27','2025-12-13 19:49:38');
INSERT INTO test_spec VALUES('spec-5','Create Test Spec','create-test-spec.spec.ts','Tests for creating new test specifications','{"passed":1,"skipped":0,"todo":0,"failed":0,"pending":0,"disabled":0,"missing":2,"deactivated":0,"partial":0}',3,'folder-3','FBMJEf0o18Bsk8BTD3OXuRhxBigwH6r0','2025-10-07 17:23:27','2025-12-13 19:49:38');
INSERT INTO test_spec VALUES('spec-6','Update Test Status','update-test-status.spec.ts','Tests for updating test statuses','{"passed":0,"skipped":0,"todo":0,"failed":0,"pending":0,"disabled":0,"missing":3,"deactivated":0,"partial":0}',3,'folder-3','FBMJEf0o18Bsk8BTD3OXuRhxBigwH6r0','2025-10-07 17:23:27','2025-12-13 19:49:38');
INSERT INTO test_spec VALUES('spec-7','Test API Endpoints','test-api.spec.ts','API tests for test management endpoints','{"passed":0,"skipped":0,"todo":0,"failed":0,"pending":0,"disabled":0,"missing":4,"deactivated":0,"partial":0}',4,'folder-1','FBMJEf0o18Bsk8BTD3OXuRhxBigwH6r0','2025-10-07 17:23:27','2025-12-13 19:49:38');
INSERT INTO test_spec VALUES('spec-8','Organization API','organization-api.spec.ts','API tests for organization management','{"passed":0,"skipped":0,"todo":0,"failed":0,"pending":0,"disabled":0,"missing":3,"deactivated":0,"partial":0}',3,'folder-3','FBMJEf0o18Bsk8BTD3OXuRhxBigwH6r0','2025-10-07 17:23:27','2025-12-13 19:49:38');
INSERT INTO test_spec VALUES('bab87fb9-9b14-451e-b3db-f9008a72bf21','New Test',NULL,NULL,'{"passed":0,"skipped":0,"todo":0,"failed":0,"pending":0,"disabled":0,"missing":0,"deactivated":0,"partial":0}',0,'2ab4e78c-1829-4ce5-b2ab-5d4f0235ed7f','FBMJEf0o18Bsk8BTD3OXuRhxBigwH6r0','2025-11-09 11:32:19','2025-11-09 11:32:19');
INSERT INTO test_spec VALUES('14e318ff-bcaf-4b89-9d0f-4f7dd2807558','New Test',NULL,NULL,'{"passed":0,"skipped":0,"todo":0,"failed":0,"pending":0,"disabled":0,"missing":0,"deactivated":0,"partial":0}',0,'folder-3','FBMJEf0o18Bsk8BTD3OXuRhxBigwH6r0','2025-11-09 11:32:31','2025-11-09 11:32:31');
INSERT INTO test_spec VALUES('79bf2a47-e5ac-49fd-9b38-f40b551e5650','New Test',NULL,NULL,'{"passed":0,"skipped":0,"todo":0,"failed":0,"pending":0,"disabled":0,"missing":0,"deactivated":0,"partial":0}',0,'folder-1','FBMJEf0o18Bsk8BTD3OXuRhxBigwH6r0','2025-11-09 11:34:48','2025-11-21 16:38:21');
INSERT INTO test_spec VALUES('d7b6f6b0-a796-4441-a5f9-830c0016b1b3','New Test',NULL,NULL,'{"passed":0,"skipped":0,"todo":0,"failed":0,"pending":0,"disabled":0,"missing":0,"deactivated":0,"partial":0}',0,'folder-5','FBMJEf0o18Bsk8BTD3OXuRhxBigwH6r0','2025-11-09 14:51:50','2025-11-09 15:19:42');
INSERT INTO test_spec VALUES('1396f84f-aeb5-4046-a9db-5df914664920','New Test',NULL,NULL,'{"passed":0,"skipped":0,"todo":0,"failed":0,"pending":0,"disabled":0,"missing":0,"deactivated":0,"partial":0}',0,'folder-5','FBMJEf0o18Bsk8BTD3OXuRhxBigwH6r0','2025-11-09 15:36:53','2025-11-09 15:46:49');
INSERT INTO test_spec VALUES('e15b76b3-7f50-4674-ad90-acf148fb01f8','New Test',NULL,NULL,'{"passed":0,"skipped":0,"todo":0,"failed":0,"pending":0,"disabled":0,"missing":0,"deactivated":0,"partial":0}',0,'folder-1','FBMJEf0o18Bsk8BTD3OXuRhxBigwH6r0','2025-11-21 16:38:29','2025-11-21 16:38:29');
INSERT INTO test_spec VALUES('9bad0bbe-743e-4c35-b6d5-c6f05ae68ba3','New Test',NULL,NULL,'{"passed":0,"skipped":0,"todo":0,"failed":0,"pending":0,"disabled":0,"missing":0,"deactivated":0,"partial":0}',0,'fb9199c1-44f5-4b8f-8d82-be93bfcbe034','FBMJEf0o18Bsk8BTD3OXuRhxBigwH6r0','2025-11-21 16:38:39','2025-11-21 16:38:39');
INSERT INTO test_spec VALUES('48c13679-e14a-4803-b0d3-6e0bef490521','New Test',NULL,NULL,'{"passed":0,"skipped":0,"todo":0,"failed":0,"pending":0,"disabled":0,"missing":0,"deactivated":0,"partial":0}',0,'fb9199c1-44f5-4b8f-8d82-be93bfcbe034','FBMJEf0o18Bsk8BTD3OXuRhxBigwH6r0','2025-11-21 16:45:03','2025-11-21 16:45:03');
INSERT INTO test_spec VALUES('cc6055cf-f950-4c7c-a3f9-f180066bd179','New Test',NULL,NULL,'{"passed":0,"skipped":0,"todo":0,"failed":0,"pending":0,"disabled":0,"missing":0,"deactivated":0,"partial":0}',0,NULL,'sGsN83UGwlzRySFlSvQdCgzL1ZkgPibj','2025-11-23 13:25:14','2025-11-23 13:25:14');
INSERT INTO test_spec VALUES('af376cc1-f6e8-41a9-83bc-6366c254f3b2','New Test',NULL,NULL,'{"passed":0,"skipped":0,"todo":0,"failed":0,"pending":0,"disabled":0,"missing":0,"deactivated":0,"partial":0}',0,'bdaf4874-013e-4f43-b06c-e894f9ef78a3','pAVM51OCE1veitXfHIxdLR25oNyTGhKI','2025-11-25 15:54:36','2025-11-25 16:07:25');
INSERT INTO test_spec VALUES('778458f7-db2e-49b1-a55d-d1e6a8ca2e41','New Test',NULL,NULL,'{"passed":0,"skipped":0,"todo":0,"failed":0,"pending":0,"disabled":0,"missing":0,"deactivated":0,"partial":0}',0,'bdaf4874-013e-4f43-b06c-e894f9ef78a3','pAVM51OCE1veitXfHIxdLR25oNyTGhKI','2025-11-25 16:07:43','2025-12-01 17:03:50');
INSERT INTO test_spec VALUES('587c54fb-d46e-4a1e-9a88-04f7c83edda3','New Test',NULL,NULL,'{"passed":0,"skipped":0,"todo":0,"failed":0,"pending":0,"disabled":0,"missing":0,"deactivated":0,"partial":0}',0,'e8b5f6d3-1f9b-41d1-bf2b-323a665da3c2','pAVM51OCE1veitXfHIxdLR25oNyTGhKI','2025-11-25 16:07:44','2025-11-25 16:07:44');
INSERT INTO test_spec VALUES('9ce287d3-e281-4c28-9a17-40bf2ce0358a','New Test',NULL,NULL,'{"passed":0,"skipped":0,"todo":0,"failed":0,"pending":0,"disabled":0,"missing":0,"deactivated":0,"partial":0}',0,'e8b5f6d3-1f9b-41d1-bf2b-323a665da3c2','pAVM51OCE1veitXfHIxdLR25oNyTGhKI','2025-11-25 16:10:36','2025-11-25 16:33:24');
INSERT INTO test_spec VALUES('f0ffa1e3-52eb-4b44-aa96-f0e376698c95','New Test',NULL,NULL,'{"passed":0,"skipped":0,"todo":0,"failed":0,"pending":0,"disabled":0,"missing":0,"deactivated":0,"partial":0}',0,'bdaf4874-013e-4f43-b06c-e894f9ef78a3','pAVM51OCE1veitXfHIxdLR25oNyTGhKI','2025-11-25 16:11:08','2025-11-25 16:11:08');
INSERT INTO test_spec VALUES('49636083-9c76-456f-be6c-737bd142935f','New Test',NULL,NULL,'{"passed":0,"skipped":0,"todo":0,"failed":0,"pending":0,"disabled":0,"missing":0,"deactivated":0,"partial":0}',0,'bdaf4874-013e-4f43-b06c-e894f9ef78a3','pAVM51OCE1veitXfHIxdLR25oNyTGhKI','2025-11-25 16:11:12','2025-11-25 16:11:12');
INSERT INTO test_spec VALUES('111dc41a-8d9e-4453-a185-3295a24c14f0','New Test',NULL,NULL,'{"passed":0,"skipped":0,"todo":0,"failed":0,"pending":0,"disabled":0,"missing":0,"deactivated":0,"partial":0}',0,'bdaf4874-013e-4f43-b06c-e894f9ef78a3','pAVM51OCE1veitXfHIxdLR25oNyTGhKI','2025-12-02 12:07:03','2025-12-02 12:07:03');
INSERT INTO test_spec VALUES('analytics-spec-1','Login Flow','login-flow.spec.ts','User authentication tests','{"passed":5,"failed":2,"pending":1,"skipped":0,"todo":0,"disabled":0,"missing":0,"deactivated":0,"partial":0}',8,'analytics-folder-1','Sitdv6Ay70FxNarRBkmHnAFVIohJuxKa','2025-12-07 15:54:06','2025-12-07 15:54:06');
INSERT INTO test_spec VALUES('analytics-spec-2','Dashboard Components','dashboard.spec.ts','Dashboard UI tests','{"passed":10,"failed":0,"pending":2,"skipped":1,"todo":0,"disabled":0,"missing":0,"deactivated":0,"partial":0}',13,'analytics-folder-1','Sitdv6Ay70FxNarRBkmHnAFVIohJuxKa','2025-12-07 15:54:06','2025-12-10 10:18:21');
INSERT INTO test_spec VALUES('analytics-spec-3','API Routes','api-routes.spec.ts','REST API endpoint tests','{"passed":8,"failed":3,"pending":0,"skipped":0,"todo":2,"disabled":0,"missing":0,"deactivated":0,"partial":0}',13,'analytics-folder-3','Sitdv6Ay70FxNarRBkmHnAFVIohJuxKa','2025-12-07 15:54:06','2025-12-07 15:54:06');
INSERT INTO test_spec VALUES('analytics-spec-4','Form Validation','form-validation.spec.ts','Input validation tests','{"passed":6,"failed":1,"pending":3,"skipped":0,"todo":0,"disabled":0,"missing":0,"deactivated":0,"partial":0}',10,'analytics-folder-2','Sitdv6Ay70FxNarRBkmHnAFVIohJuxKa','2025-12-07 15:54:06','2025-12-07 15:54:06');
INSERT INTO test_spec VALUES('analytics-spec-stale-1','Legacy Auth Tests','legacy-auth.spec.ts','Old authentication tests','{"passed":3,"failed":2,"pending":0,"skipped":0,"todo":0,"disabled":0,"missing":0,"deactivated":0,"partial":0}',5,'analytics-folder-1','Sitdv6Ay70FxNarRBkmHnAFVIohJuxKa','2025-10-23 15:54:06','2025-10-23 15:54:06');
INSERT INTO test_spec VALUES('analytics-spec-stale-2','Deprecated API','deprecated-api.spec.ts','Old API endpoint tests','{"passed":2,"failed":4,"pending":1,"skipped":0,"todo":0,"disabled":0,"missing":0,"deactivated":0,"partial":0}',7,'analytics-folder-3','Sitdv6Ay70FxNarRBkmHnAFVIohJuxKa','2025-10-08 15:54:06','2025-10-08 15:54:06');
INSERT INTO test_spec VALUES('analytics-spec-stale-3','Old Utils','old-utils.spec.ts','Legacy utility tests','{"passed":1,"failed":1,"pending":2,"skipped":0,"todo":0,"disabled":0,"missing":0,"deactivated":0,"partial":0}',4,'analytics-folder-2','Sitdv6Ay70FxNarRBkmHnAFVIohJuxKa','2025-11-02 15:54:06','2025-11-02 15:54:06');
INSERT INTO test_spec VALUES('52845999-e9ed-4473-bdcf-ccab6312e7fd','new spec',NULL,'hello i am a new test spec','{"passed":0,"skipped":0,"todo":0,"failed":0,"pending":0,"disabled":0,"missing":0,"deactivated":0,"partial":0}',0,'20aed672-4803-4be8-a573-f76ea8127376','pAVM51OCE1veitXfHIxdLR25oNyTGhKI','2025-12-09 00:46:09','2025-12-09 00:56:55');
INSERT INTO test_spec VALUES('2a9ebe02-776b-4344-a06a-0bb9da01392d','New Test',NULL,NULL,'{"passed":0,"skipped":0,"todo":0,"failed":0,"pending":0,"disabled":0,"missing":0,"deactivated":0,"partial":0}',0,'30ae4245-d3e6-4735-8778-747305e83e38','pAVM51OCE1veitXfHIxdLR25oNyTGhKI','2025-12-09 00:52:40','2025-12-11 03:21:36');
INSERT INTO test_spec VALUES('5c3a2125-7c6e-49f1-b8ab-ca33b106199d','New Test',NULL,NULL,'{"passed":0,"skipped":0,"todo":0,"failed":0,"pending":0,"disabled":0,"missing":0,"deactivated":0,"partial":0}',0,'20aed672-4803-4be8-a573-f76ea8127376','pAVM51OCE1veitXfHIxdLR25oNyTGhKI','2025-12-09 00:55:57','2025-12-09 00:56:56');
INSERT INTO test_spec VALUES('dba699d7-8f31-40bc-aeea-99e1eba4d646','New Test',NULL,NULL,'{"passed":0,"skipped":0,"todo":0,"failed":0,"pending":0,"disabled":0,"missing":0,"deactivated":0,"partial":0}',0,'30ae4245-d3e6-4735-8778-747305e83e38','pAVM51OCE1veitXfHIxdLR25oNyTGhKI','2025-12-09 00:56:00','2025-12-09 00:56:00');
INSERT INTO test_spec VALUES('251a74cd-e29e-481e-b84b-1bebc208bc06','Spec1','None','Spec 1','{"passed":0,"skipped":0,"todo":0,"failed":0,"pending":0,"disabled":0,"missing":0,"deactivated":0,"partial":0}',0,'9e32d036-1795-4734-8c13-37d25e651ea4','pAVM51OCE1veitXfHIxdLR25oNyTGhKI','2025-12-09 00:58:59','2025-12-09 00:58:59');
INSERT INTO test_spec VALUES('bbad4e3e-c930-42e2-aad2-376f7605076d','Spec2','None','Spec 2','{"passed":0,"skipped":0,"todo":0,"failed":0,"pending":0,"disabled":0,"missing":0,"deactivated":0,"partial":0}',0,'9e32d036-1795-4734-8c13-37d25e651ea4','pAVM51OCE1veitXfHIxdLR25oNyTGhKI','2025-12-09 00:59:00','2025-12-09 00:59:00');
INSERT INTO test_spec VALUES('1449f68e-ed48-42e1-8b8b-18f4c0dae4f9','RandomSpec_12345','random_spec_12345.txt','This is a randomly generated description for a test spec.','{"passed":0,"skipped":0,"todo":0,"failed":0,"pending":0,"disabled":0,"missing":0,"deactivated":0,"partial":0}',0,'85756dbe-ecac-4cb1-8aa1-fb87373271be','pAVM51OCE1veitXfHIxdLR25oNyTGhKI','2025-12-09 01:04:43','2025-12-09 01:04:43');
INSERT INTO test_spec VALUES('fcef3301-fdb3-4763-adb5-92807dbe2943','Another Test Spec',NULL,NULL,'{"passed":0,"skipped":0,"todo":0,"failed":0,"pending":0,"disabled":0,"missing":0,"deactivated":0,"partial":0}',0,'85756dbe-ecac-4cb1-8aa1-fb87373271be','pAVM51OCE1veitXfHIxdLR25oNyTGhKI','2025-12-09 01:18:47','2025-12-09 01:18:47');
INSERT INTO test_spec VALUES('d034f580-f2a3-4b23-984a-b5bce7953127','Spec for test123','test123.spec.js','Spec for test123','{"passed":0,"skipped":0,"todo":0,"failed":0,"pending":0,"disabled":0,"missing":0,"deactivated":0,"partial":0}',0,'b392f0c8-9e02-4a24-b89d-55a7033c4b2c','pAVM51OCE1veitXfHIxdLR25oNyTGhKI','2025-12-11 03:18:44','2025-12-11 03:18:44');
INSERT INTO test_spec VALUES('fb1b20cf-4fa3-448f-8aad-2fc43569bf16','Spec 2',NULL,NULL,'{"passed":0,"skipped":0,"todo":0,"failed":0,"pending":0,"disabled":0,"missing":0,"deactivated":0,"partial":0}',0,'b392f0c8-9e02-4a24-b89d-55a7033c4b2c','pAVM51OCE1veitXfHIxdLR25oNyTGhKI','2025-12-11 03:23:06','2025-12-11 03:23:06');
INSERT INTO test_spec VALUES('21db6726-44fb-450a-833e-a1b9eac02d8e','test2222',NULL,NULL,'{"passed":0,"skipped":0,"todo":0,"failed":0,"pending":0,"disabled":0,"missing":0,"deactivated":0,"partial":0}',0,'fcd7dfa4-eb66-484f-bf5f-f96a8d3f3006','pAVM51OCE1veitXfHIxdLR25oNyTGhKI','2025-12-11 10:31:57','2025-12-11 10:31:57');
INSERT INTO test_spec VALUES('ddc86135-b289-4012-b0fd-6a8aa4b822c9','432',NULL,NULL,'{"passed":0,"skipped":0,"todo":0,"failed":0,"pending":0,"disabled":0,"missing":0,"deactivated":0,"partial":0}',0,'fcd7dfa4-eb66-484f-bf5f-f96a8d3f3006','pAVM51OCE1veitXfHIxdLR25oNyTGhKI','2025-12-11 10:33:01','2025-12-11 10:33:01');
INSERT INTO test_spec VALUES('2148cceb-a58c-4787-81de-b709f42329b9','test2222',NULL,'test','{"passed":0,"skipped":0,"todo":0,"failed":0,"pending":0,"disabled":0,"missing":0,"deactivated":0,"partial":0}',0,'fcd7dfa4-eb66-484f-bf5f-f96a8d3f3006','pAVM51OCE1veitXfHIxdLR25oNyTGhKI','2025-12-11 10:34:31','2025-12-11 10:34:31');
CREATE TABLE IF NOT EXISTS `apiKey` (
	`id` text PRIMARY KEY NOT NULL,
	`name` text,
	`start` text,
	`prefix` text,
	`key` text NOT NULL,
	`user_id` text NOT NULL,
	`refill_interval` integer,
	`refill_amount` integer,
	`last_refill_at` integer,
	"enabled" integer DEFAULT true,
	"rate_limit_enabled" integer DEFAULT true,
	"rate_limit_time_window" integer DEFAULT 86400000,
	"rate_limit_max" integer DEFAULT 10,
	"request_count" integer,
	`remaining` integer,
	`last_request` integer,
	`expires_at` integer,
	`created_at` integer NOT NULL,
	`updated_at` integer NOT NULL,
	`permissions` text,
	`metadata` text,
	FOREIGN KEY (`user_id`) REFERENCES `user`(`id`) ON UPDATE no action ON DELETE cascade
);
INSERT INTO apiKey VALUES('XkMexrj8LVf7Ic6mppDJESgMEVrzm4Ti','New','ams_kW','ams_','6ApfhXZCfxxOmJsrMDWnXqy-ZWKBzxkgfxG49IA-eZo','aVJaZmRSCK9zuzdCqEPlTizDDVfS6YdW',NULL,NULL,NULL,1,1,86400000,10,0,NULL,NULL,NULL,1766086123197,1766086123197,NULL,'null');
CREATE UNIQUE INDEX `organization_slug_unique` ON `organization` (`slug`);
CREATE UNIQUE INDEX `session_token_unique` ON `session` (`token`);
CREATE UNIQUE INDEX `user_email_unique` ON `user` (`email`);
COMMIT;
